part_id,lot_id,parameter,value_0h,value_24h,value_96h,value_168h,datasheet_limit,ground_truth_defective
P_001_000,LOT_001,leakage_current,11.122966013642603,12.323238203118082,12.732444879597148,12.801452168571064,50,False
P_001_001,LOT_001,leakage_current,13.064530753827793,14.790883788772584,15.720370082678652,15.822480812980972,50,False
P_001_002,LOT_001,leakage_current,10.138940976629463,10.147685326637086,10.364543186051174,10.633173087156543,50,False
P_001_003,LOT_001,leakage_current,7.903246887719551,8.071456537194468,8.414474477955043,8.533054643043043,50,False
P_001_004,LOT_001,leakage_current,8.678381297716511,10.10989302947054,10.175414192432566,10.289169600878653,50,False
P_001_005,LOT_001,leakage_current,9.288075269551557,11.07524278635576,11.986398681586115,12.160340463796325,50,False
P_001_006,LOT_001,leakage_current,11.453803503513173,12.612422041558853,13.264087286317286,13.496303175519717,50,False
P_001_007,LOT_001,leakage_current,9.147446115994116,10.409583090140114,11.917703149386979,12.047523406858888,50,False
P_001_008,LOT_001,leakage_current,11.34311205544783,12.905444584488198,13.892849879250365,13.916620069771385,50,False
P_001_009,LOT_001,leakage_current,6.948146996650903,8.608502570194123,9.537213748170974,9.892236736713059,50,False
P_001_010,LOT_001,leakage_current,9.92830696184886,11.38091437810851,12.809361155193432,13.156013312700171,50,False
P_001_011,LOT_001,leakage_current,9.404398900962148,12.055674437155213,13.365098259433257,13.420008541063904,50,False
P_001_012,LOT_001,leakage_current,9.554040815062056,9.769941396227562,9.90073336015908,10.092252626355728,50,False
P_001_013,LOT_001,leakage_current,11.054320037060865,12.804921157903488,13.726078910969447,14.184515430938845,50,False
P_001_014,LOT_001,leakage_current,8.517472181618864,9.224098840697861,10.259287544359317,10.314258642613707,50,False
P_001_015,LOT_001,leakage_current,9.72715276487484,10.898259580756944,11.13149218831634,11.608656069881347,50,False
P_001_016,LOT_001,leakage_current,9.52390201955802,9.638656798499834,9.852592996250822,10.07294432017753,50,False
P_001_017,LOT_001,leakage_current,10.081988226925828,12.638548045826688,13.839202282133554,14.333462463777794,50,False
P_001_018,LOT_001,leakage_current,11.379526456221418,12.157406450657065,12.189779202868415,12.658460292525817,50,False
P_001_019,LOT_001,leakage_current,12.634282448050422,14.693845138200505,15.965771194482711,16.374824528598342,50,False
P_001_020,LOT_001,leakage_current,13.415038776504952,14.922504508200138,15.8618519020191,16.031598473621095,50,False
P_001_021,LOT_001,leakage_current,8.004500873065146,10.051585284418183,11.024897019550446,11.451785899630933,50,False
P_001_022,LOT_001,leakage_current,12.662874857268433,15.186185140423628,16.79390119903522,17.488296011214565,50,False
P_001_023,LOT_001,leakage_current,12.722321797631205,13.466037587676976,13.730727506914413,13.896938619869127,50,False
P_001_024,LOT_001,leakage_current,10.115359639043497,10.513956201090707,10.744116080354415,10.939015715353134,50,False
P_001_025,LOT_001,leakage_current,12.091164290487542,13.634759427413766,13.973782870435414,14.179863817508105,50,False
P_001_026,LOT_001,leakage_current,11.999223490519118,12.834343412866838,13.232988857096379,13.529995934623924,50,False
P_001_027,LOT_001,leakage_current,11.03715619591779,11.9771594108377,12.302899805248066,12.532751162326361,50,False
P_001_028,LOT_001,leakage_current,10.777116505533408,11.704743103200498,12.705787605113322,13.03779967931557,50,False
P_001_029,LOT_001,leakage_current,10.462823673430645,10.920600772259053,10.974931872553078,11.210404575534573,50,False
P_001_030,LOT_001,leakage_current,10.187974908961657,10.700515776041566,11.155122968161086,11.181038370428757,50,False
P_001_031,LOT_001,leakage_current,39.498386338693166,40.08304546099257,40.51726719021383,41.2241727652218,50,True
P_001_032,LOT_001,leakage_current,11.332581374084976,12.998724450804191,14.086480246426266,14.417545611254113,50,False
P_001_033,LOT_001,leakage_current,8.357276861359036,9.441657323077841,9.62294142031547,9.837557921166784,50,False
P_001_034,LOT_001,leakage_current,8.992312334494372,10.249478119618143,11.082824599434332,11.269153010433069,50,False
P_001_035,LOT_001,leakage_current,44.77610924220988,45.85721435222434,46.71160457298812,47.10204110647719,50,True
P_001_036,LOT_001,leakage_current,10.23989050531872,11.249352035595008,11.998121092131509,12.129503644668416,50,False
P_001_037,LOT_001,leakage_current,10.76991527654976,12.521162692152839,13.66392619212202,13.734466733463448,50,False
P_001_038,LOT_001,leakage_current,13.278731689695183,15.038834640027154,15.865649924054493,16.13348994902561,50,False
P_001_039,LOT_001,leakage_current,8.491038801299359,8.610746913997794,8.7800276619618,9.069416370274025,50,False
P_001_040,LOT_001,leakage_current,5.519968863347687,5.962564799823016,6.263819303255051,6.614163269540746,50,False
P_001_041,LOT_001,leakage_current,8.076794637018791,9.272748393095481,10.412685825131607,10.412918929691312,50,False
P_001_042,LOT_001,leakage_current,10.544238053731567,11.44542984693095,12.012317685178584,12.488903608689194,50,False
P_001_043,LOT_001,leakage_current,10.781367726996397,11.961769359543204,12.560947150592499,12.67025592488683,50,False
P_001_044,LOT_001,leakage_current,8.892673583304585,10.25188190567975,11.327766629585382,11.721795047106935,50,False
P_001_045,LOT_001,leakage_current,8.85094568756279,10.182718156954124,11.142555753198673,11.362601067924446,50,False
P_001_046,LOT_001,leakage_current,8.97216649880544,10.314878266702747,11.613061256917286,11.864164059297751,50,False
P_001_047,LOT_001,leakage_current,9.919655399429027,11.828102123828799,12.787910809568482,13.11518384952957,50,False
P_001_048,LOT_001,leakage_current,9.840382603390909,10.198416236905556,10.429882055053524,10.750341103306285,50,False
P_001_049,LOT_001,leakage_current,12.441045710410567,13.979178636372868,14.795086874474583,14.918110378481241,50,False
P_001_050,LOT_001,leakage_current,5.758146000900057,8.056994541967562,9.55947318903649,9.848029635025561,50,False
P_001_051,LOT_001,leakage_current,9.245215026717785,10.521482848750535,10.754690700552056,11.233590131505599,50,False
P_001_052,LOT_001,leakage_current,8.62529307061473,9.841985708511205,10.166591277912872,10.311070270835332,50,False
P_001_053,LOT_001,leakage_current,9.258882995623352,10.484541872739134,11.204234946397834,11.537582452436698,50,False
P_001_054,LOT_001,leakage_current,9.920508501428507,11.024788690609153,12.131110858433878,12.177828702706984,50,False
P_001_055,LOT_001,leakage_current,10.200254231949453,10.970619828689099,11.327842909951368,11.609659335858478,50,False
P_001_056,LOT_001,leakage_current,12.378636709700894,14.697493938596201,15.770788846350866,16.35960079667499,50,False
P_001_057,LOT_001,leakage_current,9.252158714329108,9.677676722211887,9.920663565389615,10.399604511949397,50,False
P_001_058,LOT_001,leakage_current,7.939124015899155,9.941690121983797,10.097129469174149,10.592039920900127,50,False
P_001_059,LOT_001,leakage_current,10.659139488558157,11.070737833080312,11.511942040029787,11.54601589531268,50,False
P_001_060,LOT_001,leakage_current,5.073745064550763,5.689399476715738,6.201269155027922,6.250583771047159,50,False
P_001_061,LOT_001,leakage_current,12.969861904224505,13.986045858582418,14.976946199559352,15.443472332647655,50,False
P_001_062,LOT_001,leakage_current,11.955315012437794,14.010251176452913,15.566377275416292,16.058648902049057,50,False
P_001_063,LOT_001,leakage_current,10.263717517009253,12.41594956862132,13.539678185119222,13.80107133160418,50,False
P_001_064,LOT_001,leakage_current,11.097767207054275,13.28297002046374,14.03828120096733,14.295178819007223,50,False
P_001_065,LOT_001,leakage_current,11.812154004326992,12.36381124092211,13.461769586387389,13.89504959529108,50,False
P_001_066,LOT_001,leakage_current,11.960151101733175,13.40582512949039,13.460225028146949,13.95223805826114,50,False
P_001_067,LOT_001,leakage_current,5.604221899819276,7.05131655697539,7.408201595709889,7.580953629469547,50,False
P_001_068,LOT_001,leakage_current,11.905754584947898,12.372130299095819,13.045031912252599,13.102588698704404,50,False
P_001_069,LOT_001,leakage_current,8.082184079576518,8.856204547447872,8.971929403384312,9.348087334836059,50,False
P_001_070,LOT_001,leakage_current,11.19944883430118,12.66980495191558,13.95590263100081,14.337863630507426,50,False
P_001_071,LOT_001,leakage_current,8.521469311771819,8.722444089509427,8.837117370665666,9.236105745919168,50,False
P_001_072,LOT_001,leakage_current,11.768890087802582,12.64976742518517,12.951662397866773,13.264709304448782,50,False
P_001_073,LOT_001,leakage_current,8.341607281529482,8.972667186188026,9.217540608482347,9.339520898211019,50,False
P_001_074,LOT_001,leakage_current,8.497194605600573,9.543835478318247,9.928012230005818,10.227389109577441,50,False
P_001_075,LOT_001,leakage_current,10.45936143074917,10.88957643246282,11.039586617442836,11.251173862514957,50,False
P_001_076,LOT_001,leakage_current,8.259235159518493,8.420378815192226,8.561091804240387,8.976275287123594,50,False
P_001_077,LOT_001,leakage_current,8.580236076908573,9.35901293990344,9.775646319762613,10.039805050558478,50,False
P_001_000,LOT_001,iddq,106.20978561188674,115.00060833846234,122.37439169658529,124.12775022819145,300,False
P_001_001,LOT_001,iddq,110.9897298789791,120.08010834053412,127.84035661533322,128.01517411475623,300,False
P_001_002,LOT_001,iddq,86.1097989950375,91.53944383465877,93.34564756295923,93.56109978425533,300,False
P_001_003,LOT_001,iddq,255.10756487541371,258.44517541801537,270.7206145598494,271.9987548222546,300,True
P_001_004,LOT_001,iddq,269.7217468041733,280.816101005599,290.34750549254557,297.0294939101965,300,True
P_001_005,LOT_001,iddq,73.70094610145718,79.10988368036456,85.32192617776886,87.88806027730587,300,False
P_001_006,LOT_001,iddq,97.31046213042964,108.49334683343699,116.68575055040537,118.26391930167398,300,False
P_001_007,LOT_001,iddq,104.84008746694585,121.21926430854789,132.99034589134808,136.91927384565503,300,False
P_001_008,LOT_001,iddq,95.23354145315628,106.32908129062083,123.99341185896766,124.29450001500466,300,False
P_001_009,LOT_001,iddq,106.14801897823769,109.86955785263855,121.94879204830683,124.14168443590057,300,False
P_001_010,LOT_001,iddq,78.328950924544,90.09240558656097,104.75598267672886,109.37685500051158,300,False
P_001_011,LOT_001,iddq,101.45322727168025,120.15626709448182,155.9996192551988,184.16301518999148,300,True
P_001_012,LOT_001,iddq,93.33563145645367,97.05926070194215,101.06390884835075,105.83760938546246,300,False
P_001_013,LOT_001,iddq,85.88449500283268,88.3388147952484,90.28933866850409,96.09508879324748,300,False
P_001_014,LOT_001,iddq,121.50130581488627,121.78610813634391,127.27397987735354,130.79440732575486,300,False
P_001_015,LOT_001,iddq,124.08209447164676,124.55109422411768,130.65153015254617,137.24915296351915,300,False
P_001_016,LOT_001,iddq,109.56132182163083,113.26834849973625,116.23651658827086,119.24055139834658,300,False
P_001_017,LOT_001,iddq,92.14308447338274,93.83766288089134,96.81908774497353,96.94099240050234,300,False
P_001_018,LOT_001,iddq,122.0690538897897,127.39152438702924,130.14859319943614,138.52899512933837,300,False
P_001_019,LOT_001,iddq,108.19438887664646,110.50673325732971,120.28677676509425,124.51325358732963,300,False
P_001_020,LOT_001,iddq,95.78573243125413,101.22705715680003,105.13393826733287,110.72257117211018,300,False
P_001_021,LOT_001,iddq,72.18851544989954,72.52666945682756,76.79567095383626,79.35781255702817,300,False
P_001_022,LOT_001,iddq,102.3376520836355,104.9443715079568,109.82145684092376,112.93850526047515,300,False
P_001_023,LOT_001,iddq,90.98197872469348,92.9616605318444,99.48744770746664,102.64083954577848,300,False
P_001_024,LOT_001,iddq,118.57152831989711,119.04997450475057,119.49468875315597,122.11276613291088,300,False
P_001_025,LOT_001,iddq,93.26166197867683,93.83040844936485,100.65687358217436,101.19863849926293,300,False
P_001_026,LOT_001,iddq,117.37974876808654,121.16018500491535,129.49507075425262,131.68181403947526,300,False
P_001_027,LOT_001,iddq,110.13274524126142,113.81918848752667,118.29858333507693,120.49500877483072,300,False
P_001_028,LOT_001,iddq,118.31385046088012,119.62434393582745,121.45906484294193,124.63725927088208,300,False
P_001_029,LOT_001,iddq,80.95594314955598,83.49446737754973,93.0730507029145,95.4809315829433,300,False
P_001_030,LOT_001,iddq,77.41447436515855,77.89385568794341,80.26356983354573,80.4813561373625,300,False
P_001_031,LOT_001,iddq,126.04554969587869,127.18984064366384,133.16813896615201,134.66143815914083,300,False
P_001_032,LOT_001,iddq,102.16910798634656,104.66944201471222,106.27399339003517,110.04826036703446,300,False
P_001_033,LOT_001,iddq,110.8729864058117,113.58311399402295,119.78319170311559,122.43336914927849,300,False
P_001_034,LOT_001,iddq,86.85786995254276,91.36549523757483,93.95583185557972,102.06967808768486,300,False
P_001_035,LOT_001,iddq,108.56299871211391,112.06590314762362,116.47711586625212,116.78468294836526,300,False
P_001_036,LOT_001,iddq,80.37897146868337,80.62124055526935,88.30719791490196,88.40282085790638,300,False
P_001_037,LOT_001,iddq,87.84729616022119,88.0332723116575,95.57681308159445,95.96984192047856,300,False
P_001_038,LOT_001,iddq,102.95555657739115,108.38606337348277,108.60696392221494,113.40877448401689,300,False
P_001_039,LOT_001,iddq,90.32405432630938,90.74382067789698,99.6953221714362,101.73064412558436,300,False
P_001_040,LOT_001,iddq,89.80856745128469,90.25774578563525,95.99669724291894,96.31345762187028,300,False
P_001_041,LOT_001,iddq,97.53431465443477,101.48995523850958,108.1590114464155,110.77240358209129,300,False
P_001_042,LOT_001,iddq,109.4072671458953,111.68877924064621,112.9546262300349,115.0234484472767,300,False
P_001_043,LOT_001,iddq,96.68029069994964,99.32189044440749,108.98317280368762,110.87125110590287,300,False
P_001_044,LOT_001,iddq,108.08513326531194,108.50142253124753,112.36171528901984,115.05689640283744,300,False
P_001_045,LOT_001,iddq,68.82639049573218,74.59200169399013,82.96368147899689,86.94184451989814,300,False
P_001_046,LOT_001,iddq,118.09622678625864,121.25343343685142,121.58328783615956,124.4749695062196,300,False
P_001_047,LOT_001,iddq,121.01647711603562,124.77170815987587,133.51861592579914,137.88228763090734,300,False
P_001_048,LOT_001,iddq,85.06852445508083,87.57817624197254,91.32491153604097,95.63194134281865,300,False
P_001_049,LOT_001,iddq,84.70370612257987,88.04688569221574,96.47555113691887,98.90174634254777,300,False
P_001_050,LOT_001,iddq,106.47482308877298,108.57265799687082,116.66657905127016,116.85477353489823,300,False
P_001_051,LOT_001,iddq,91.10073993033781,94.02369663040443,100.99509699320672,105.20784730774744,300,False
P_001_052,LOT_001,iddq,83.96924330257953,85.84847174464375,91.73154591879228,96.09671000453557,300,False
P_001_053,LOT_001,iddq,90.85245650845327,92.4464083777691,104.05711062699224,110.3152274041109,300,False
P_001_054,LOT_001,iddq,263.70324718726243,263.9071487007666,271.79581905994024,273.5199075229817,300,True
P_001_055,LOT_001,iddq,82.30474030254838,82.59697493347905,89.00519544311278,92.33985785531539,300,False
P_001_056,LOT_001,iddq,118.34060167824657,123.09579179708223,127.19954790205288,131.87118735183626,300,False
P_001_057,LOT_001,iddq,107.396559770279,110.80287701701114,115.88134274408141,119.93546218057324,300,False
P_001_058,LOT_001,iddq,112.01127410459321,114.92557560999492,122.08344230592456,123.25849338802567,300,False
P_001_059,LOT_001,iddq,105.95809313024232,108.12164235923942,114.51639641254378,117.6232184249926,300,False
P_001_060,LOT_001,iddq,106.01130256534417,109.30297374284159,110.75107957935894,116.44690293789716,300,False
P_001_061,LOT_001,iddq,99.3239696039876,106.49250898908282,111.4479107603898,116.3257142391585,300,False
P_001_062,LOT_001,iddq,94.05123471544127,98.5106628187094,100.97966736100932,107.90155523420292,300,False
P_001_063,LOT_001,iddq,105.52068649070083,107.68677875564602,113.48111440328982,113.98418537730971,300,False
P_001_064,LOT_001,iddq,114.66692846199862,116.88027081740823,119.93809168319024,123.59805217853416,300,False
P_001_065,LOT_001,iddq,69.38448514226332,69.80240896176329,78.57922182719648,82.11281791664857,300,False
P_001_066,LOT_001,iddq,98.39642984863795,99.09508330671821,101.19227756503977,102.42655913781904,300,False
P_001_067,LOT_001,iddq,112.9380961285331,118.66984017330218,120.96507109637801,124.93563035239289,300,False
P_001_068,LOT_001,iddq,89.98638812576537,91.48245477949406,97.64345811140912,98.91556394661194,300,False
P_001_069,LOT_001,iddq,123.33241280848108,124.36247620100377,129.73105060181217,133.52676713660264,300,False
P_001_070,LOT_001,iddq,108.70935719545838,109.81709248795202,117.24109062946245,120.68620874613738,300,False
P_001_071,LOT_001,iddq,123.02186911372286,123.22946647549689,125.14603789844617,130.27680468082272,300,False
P_001_072,LOT_001,iddq,90.80028615809172,91.09226169197858,95.55605888894766,98.18566712622882,300,False
P_001_073,LOT_001,iddq,90.81822663271237,91.7745933554123,92.6452471601412,92.84206516648621,300,False
P_001_074,LOT_001,iddq,99.25042502370307,104.37040471360206,116.44879179703918,119.57348812543142,300,False
P_001_075,LOT_001,iddq,100.29638554684284,102.99359072392942,114.47014500428362,121.96806442449271,300,True
P_001_076,LOT_001,iddq,114.09304683508924,114.75091200490941,117.06869963745741,117.45128992805218,300,False
P_001_077,LOT_001,iddq,101.60812700589898,101.8439070829161,103.62383009880543,104.18978936858016,300,False
P_001_000,LOT_001,prop_delay,8.75924454630607,9.306775530601136,9.474712198485632,9.607364191297867,10,True
P_001_001,LOT_001,prop_delay,4.5151462039573165,4.871450386925666,4.929236229428602,5.316916940737507,10,False
P_001_002,LOT_001,prop_delay,5.049677637720621,5.360518202830175,5.885134424719488,5.929802778321288,10,False
P_001_003,LOT_001,prop_delay,5.175452238187671,5.72120796790358,6.129794443292129,6.2478364136347055,10,False
P_001_004,LOT_001,prop_delay,5.196422293852879,5.570291120172237,6.242949589174786,6.328246994842793,10,False
P_001_005,LOT_001,prop_delay,4.946302493950261,5.300299811415604,6.029433715009398,6.161197103976969,10,False
P_001_006,LOT_001,prop_delay,4.711920158559372,5.1191906658623285,5.597540424372537,5.714416020706648,10,False
P_001_007,LOT_001,prop_delay,5.014402972233999,5.461674800856973,5.8493657200439735,6.09305906780388,10,False
P_001_008,LOT_001,prop_delay,4.440929978726007,4.829513655226514,5.384079414496136,5.402226173233212,10,False
P_001_009,LOT_001,prop_delay,5.476065292616355,5.853974178883648,6.151427993208322,6.360962769952524,10,False
P_001_010,LOT_001,prop_delay,4.902820989235237,5.29956705597937,5.945053399426931,6.159381362468185,10,False
P_001_011,LOT_001,prop_delay,5.484264969257785,5.916789395745748,6.55588376636316,6.748750428506994,10,False
P_001_012,LOT_001,prop_delay,4.832001730048043,5.238204453759539,5.7851719838738385,5.870867412397472,10,False
P_001_013,LOT_001,prop_delay,4.925042294256007,5.239542640717109,5.537691055699174,5.650519982467809,10,False
P_001_014,LOT_001,prop_delay,5.0629923047453715,5.548309676235258,5.914565923126042,6.29102767401738,10,False
P_001_015,LOT_001,prop_delay,4.517509722470949,5.016307878271137,5.51771717284975,5.594506723778536,10,False
P_001_016,LOT_001,prop_delay,5.563904469608007,5.856276138039632,6.353411560512411,6.562412363121488,10,False
P_001_017,LOT_001,prop_delay,5.459036723176575,5.895391834795444,6.4103844546868665,6.543442794571734,10,False
P_001_018,LOT_001,prop_delay,4.407190090996434,4.988144700659175,5.419085042741188,5.603063562284815,10,False
P_001_019,LOT_001,prop_delay,5.519601287594002,5.931494106256037,6.330339630905872,6.424710169852432,10,False
P_001_020,LOT_001,prop_delay,4.186104817856838,4.928115927754686,6.747806408834293,8.14808499544772,10,True
P_001_021,LOT_001,prop_delay,4.817866320865984,4.899692412854779,5.115587487034506,5.3290962528911106,10,False
P_001_022,LOT_001,prop_delay,5.761104108465961,5.767627025511484,5.94132181639156,6.084136712060312,10,False
P_001_023,LOT_001,prop_delay,4.362286396267761,4.653959147319653,5.02152598979049,5.275510004633172,10,False
P_001_024,LOT_001,prop_delay,5.480788575659846,5.673924047792206,5.893141958818231,5.951601718766689,10,False
P_001_025,LOT_001,prop_delay,5.3246253379651955,5.425047329412247,5.662294821071495,5.849233811077529,10,False
P_001_026,LOT_001,prop_delay,4.954669682206901,4.9583378566489476,5.222551124428685,5.316356374680232,10,False
P_001_027,LOT_001,prop_delay,4.517805455709344,4.589773852655854,4.702889531840673,4.910043924620162,10,False
P_001_028,LOT_001,prop_delay,5.459153936494256,5.566940945309724,5.662515855823467,5.844782021853509,10,False
P_001_029,LOT_001,prop_delay,3.9087148351371646,4.331111855047228,4.62594025166759,4.747754804962913,10,False
P_001_030,LOT_001,prop_delay,5.279429396891155,5.378130034996133,5.55592102373646,5.755042783603467,10,False
P_001_031,LOT_001,prop_delay,5.212045387089776,5.302005892001431,5.42340052313065,5.704036416524217,10,False
P_001_032,LOT_001,prop_delay,4.887116789673118,4.972141739922917,5.111426998360593,5.345327023535075,10,False
P_001_033,LOT_001,prop_delay,4.67836622519195,4.864924883562932,5.144594780366152,5.542810080376837,10,False
P_001_034,LOT_001,prop_delay,4.344344007232553,4.466919644817015,4.764435692678341,4.99577705076129,10,False
P_001_035,LOT_001,prop_delay,8.195380506837584,8.573438328456621,8.728014229479315,8.93295282748973,10,True
P_001_036,LOT_001,prop_delay,4.903302780030957,5.106460587396605,5.258585699217881,5.327789153357399,10,False
P_001_037,LOT_001,prop_delay,4.424657152876094,4.732281069239402,4.886844884820498,4.994366742635737,10,False
P_001_038,LOT_001,prop_delay,4.8234376048413345,5.014662338559792,5.280414153061976,5.319458090850142,10,False
P_001_039,LOT_001,prop_delay,5.126546233989226,5.390286860488961,5.624714073094012,5.791270358837201,10,False
P_001_040,LOT_001,prop_delay,4.975915730741768,5.103365995548009,5.289458580778395,5.538196587130607,10,False
P_001_041,LOT_001,prop_delay,4.247947369474271,4.345356941608227,4.66494935926781,4.823415962064116,10,False
P_001_042,LOT_001,prop_delay,5.288748637968848,5.431763448465087,5.54344742586986,5.776228422126543,10,False
P_001_043,LOT_001,prop_delay,8.93326840239566,9.051332105986456,9.275278913528862,9.496936547616748,10,True
P_001_044,LOT_001,prop_delay,5.4117895107194025,5.460090294016616,5.75996246318235,5.816347769033636,10,False
P_001_045,LOT_001,prop_delay,3.771430055712523,4.023679373103155,4.315324191330632,4.464494208096271,10,False
P_001_046,LOT_001,prop_delay,4.980534879068504,5.029743206036532,5.302920502469813,5.450009859181729,10,False
P_001_047,LOT_001,prop_delay,4.889145397416655,4.893833747242424,5.068252535442547,5.174745732437783,10,False
P_001_048,LOT_001,prop_delay,5.0837824468060795,5.214211043138616,5.640635693972177,5.7633420168636045,10,False
P_001_049,LOT_001,prop_delay,4.982362730153661,5.1403959843166165,5.32391449645522,5.385700699863996,10,False
P_001_050,LOT_001,prop_delay,4.691398705110457,4.716341007600148,4.725694988252997,4.839736939900151,10,False
P_001_051,LOT_001,prop_delay,4.379610212658367,4.393735563883559,4.597438438282929,4.70164952100128,10,False
P_001_052,LOT_001,prop_delay,4.759196583989499,4.892789334016998,5.052732504921494,5.239710603506675,10,False
P_001_053,LOT_001,prop_delay,3.9726564044106274,4.150505409138933,4.430419268667462,4.885060954763649,10,False
P_001_054,LOT_001,prop_delay,4.922592892744224,5.058969919951552,5.3545257037879646,5.595857141773881,10,True
P_001_055,LOT_001,prop_delay,4.652932197435052,4.756925345762641,4.807278256186729,4.893920341006461,10,False
P_001_056,LOT_001,prop_delay,4.323460605251867,4.718403436206987,4.9482738069630114,5.108293272840605,10,False
P_001_057,LOT_001,prop_delay,3.2696004420634623,3.7517343166650337,3.9285978015032272,3.9707768383136117,10,False
P_001_058,LOT_001,prop_delay,4.635182853683198,4.780724899260198,4.792503599620864,4.7995222874870365,10,False
P_001_059,LOT_001,prop_delay,5.983095075370955,6.109755891595231,6.206471759671699,6.263445735961332,10,False
P_001_060,LOT_001,prop_delay,3.9475430792480815,4.334072434473154,4.467989240891476,4.536587597903062,10,False
P_001_061,LOT_001,prop_delay,4.549707761246162,4.557549410154108,4.730695492793638,4.823238608077919,10,False
P_001_062,LOT_001,prop_delay,4.64746831557901,4.755846299991375,4.8010756870153655,4.930325012956264,10,False
P_001_063,LOT_001,prop_delay,4.785969591641415,5.19582310389653,5.541828291112077,5.587448312442687,10,False
P_001_064,LOT_001,prop_delay,5.195767974521797,5.303645629831876,5.3447314146614895,5.435200713589842,10,False
P_001_065,LOT_001,prop_delay,5.168217258975674,5.358063503713215,5.829296959843634,5.863999749579958,10,False
P_001_066,LOT_001,prop_delay,3.97733339958041,4.432103359664118,4.504116968623313,4.527692335046434,10,False
P_001_067,LOT_001,prop_delay,3.3310940115141157,3.722490282378761,4.159289703534785,4.443505502444442,10,False
P_001_068,LOT_001,prop_delay,4.864080704257813,5.291194836200591,5.447037230857081,5.46152642160722,10,False
P_001_069,LOT_001,prop_delay,4.299492022218936,4.625500819362542,4.84452019989007,5.147864418656582,10,False
P_001_070,LOT_001,prop_delay,5.32742619253204,5.431158840462877,5.450717239883792,5.453199191375828,10,False
P_001_071,LOT_001,prop_delay,4.525993178158134,4.701203072004301,5.047597252108372,5.440825770520242,10,False
P_001_072,LOT_001,prop_delay,5.59161488498918,5.615167968949742,5.621726234908972,5.737317937478289,10,False
P_001_073,LOT_001,prop_delay,4.895151316806004,4.9386644114965845,5.057323422215956,5.059834038281269,10,False
P_001_074,LOT_001,prop_delay,5.379568253583047,5.480855559024758,5.859102817623481,5.888636654632955,10,False
P_001_075,LOT_001,prop_delay,3.6496311791795555,3.974225014363365,4.306218529334617,4.411854659319682,10,False
P_001_076,LOT_001,prop_delay,6.0819549146087715,6.085139820834276,6.165926895295778,6.166943148071236,10,False
P_001_077,LOT_001,prop_delay,4.5823913271626004,4.587239966938862,4.69958251641667,4.764319427492851,10,False
P_002_000,LOT_002,leakage_current,9.948475949756993,12.053056972775973,13.132736926042783,13.26817709791463,50,False
P_002_001,LOT_002,leakage_current,10.55141558969133,10.815377545569847,10.962712021939202,11.376972669171295,50,False
P_002_002,LOT_002,leakage_current,9.632503709044816,11.265119555506338,11.875185293957363,12.108989809454137,50,False
P_002_003,LOT_002,leakage_current,8.565253303246664,10.50465712450481,11.22987439133078,11.666647818047503,50,False
P_002_004,LOT_002,leakage_current,10.793216845997376,11.26074691905641,12.429186044796408,12.843523820485231,50,False
P_002_005,LOT_002,leakage_current,13.202076017023385,14.2659056829638,14.602852927563795,14.920075104702567,50,False
P_002_006,LOT_002,leakage_current,11.51212974147339,13.268404467854912,14.451960353005836,14.581784950561602,50,False
P_002_007,LOT_002,leakage_current,9.729759141443596,10.6900460420125,11.725282344767546,11.851428807793301,50,False
P_002_008,LOT_002,leakage_current,8.968172793113984,9.815260575388347,10.500304959871361,10.721152365280227,50,False
P_002_009,LOT_002,leakage_current,10.63463606944282,11.662937490497004,12.248901576374818,12.452964692759638,50,False
P_002_010,LOT_002,leakage_current,11.317212998318974,13.986467248375332,18.949548819173277,21.766857897415633,50,True
P_002_011,LOT_002,leakage_current,12.018596624500848,12.145663969260848,12.534789690544242,12.978845567884017,50,False
P_002_012,LOT_002,leakage_current,9.980372085083568,10.45865134388368,11.082355511040037,11.47319673881514,50,False
P_002_013,LOT_002,leakage_current,9.646796876274394,9.771706118627147,10.833866242891059,11.649422529006923,50,False
P_002_014,LOT_002,leakage_current,14.126393566697606,14.4878438386892,15.709109244627511,16.278074049762512,50,False
P_002_015,LOT_002,leakage_current,44.94363115166384,45.468982508806064,45.50229491748754,45.62624282854918,50,True
P_002_016,LOT_002,leakage_current,10.2922706028986,10.495896080002261,10.958620446599335,11.28236101245888,50,False
P_002_017,LOT_002,leakage_current,8.389461554256812,8.641629557259837,9.512017569888252,10.13955386904231,50,False
P_002_018,LOT_002,leakage_current,10.723192590769925,11.507154129140373,11.876178302432457,12.809260716681463,50,False
P_002_019,LOT_002,leakage_current,11.985935794822499,12.4032403349978,13.064613569398327,13.303113306229287,50,False
P_002_020,LOT_002,leakage_current,8.221735552608903,8.673173338382414,9.743533985664216,10.107178473653688,50,False
P_002_021,LOT_002,leakage_current,9.120746808765377,9.268431071961837,9.822201580473388,10.369602141370255,50,False
P_002_022,LOT_002,leakage_current,10.455591797317265,10.835633214023686,11.444454843982609,11.93682733261795,50,False
P_002_023,LOT_002,leakage_current,9.82674405135836,10.137703900207432,11.34732613797188,12.037856621446942,50,False
P_002_024,LOT_002,leakage_current,9.53132983928779,9.886462223135252,10.614949461577147,11.271818335918367,50,False
P_002_025,LOT_002,leakage_current,9.244803011522585,9.52850909039187,10.662220823597405,11.133556167474202,50,False
P_002_026,LOT_002,leakage_current,9.315852966313942,9.946422969066067,10.864719472206769,11.159044313732737,50,False
P_002_027,LOT_002,leakage_current,8.238096475158045,8.399827009480068,8.592504188967538,9.43955306220436,50,False
P_002_028,LOT_002,leakage_current,12.194244562833264,12.564715587663438,12.695634780382042,12.846140677007844,50,False
P_002_029,LOT_002,leakage_current,10.046813056702304,10.663028249881878,11.88608879058354,12.321566656849308,50,False
P_002_030,LOT_002,leakage_current,11.191660272838885,11.666982200218278,13.176029391034618,14.035188255291796,50,False
P_002_031,LOT_002,leakage_current,7.464339732385419,7.841001860088807,8.699602930946183,9.032133030989435,50,False
P_002_032,LOT_002,leakage_current,9.567455274579668,9.886114562654784,10.585924665690628,11.539467727479677,50,False
P_002_033,LOT_002,leakage_current,9.746548459303975,10.054841549137597,10.635704894059613,11.232714544541727,50,False
P_002_034,LOT_002,leakage_current,10.993486307296045,11.113926055069822,11.646447125327718,12.075323885925945,50,False
P_002_035,LOT_002,leakage_current,8.869193791239624,9.407597968624204,10.074444215006116,10.556026804778448,50,False
P_002_036,LOT_002,leakage_current,9.760170841118843,9.879427975510184,10.39384310328879,10.471094655048367,50,False
P_002_037,LOT_002,leakage_current,44.95475586019348,45.02796464390304,45.973501591168315,46.61432545508937,50,True
P_002_038,LOT_002,leakage_current,12.37143040176334,12.677393632528718,12.931023738998945,13.084336795266209,50,False
P_002_039,LOT_002,leakage_current,10.569181051471059,10.846533057222734,11.303542373204673,11.630550900172121,50,False
P_002_040,LOT_002,leakage_current,13.010299981042724,13.60940777262613,14.603293887556104,15.196068667957071,50,False
P_002_041,LOT_002,leakage_current,6.627419057142425,7.489587474600362,7.589990763335255,8.002372478278007,50,False
P_002_042,LOT_002,leakage_current,10.99160285231145,11.280600194314056,12.107918601772802,12.331292894820233,50,False
P_002_043,LOT_002,leakage_current,6.94638403227139,7.713516925303924,7.953270402606698,8.380179294364122,50,False
P_002_044,LOT_002,leakage_current,8.662553261322703,9.143487030817955,9.394214398593942,9.966580372568815,50,False
P_002_045,LOT_002,leakage_current,15.425636508660808,15.65741020327056,16.54665984526583,16.88615960144396,50,False
P_002_046,LOT_002,leakage_current,10.104879009183987,10.844633318295887,11.746913366590228,11.87470067203063,50,False
P_002_047,LOT_002,leakage_current,8.322608046851995,8.728327261175743,8.952076348320855,9.267866330519198,50,False
P_002_048,LOT_002,leakage_current,13.385091614810023,13.72366264849271,14.846414041118601,15.953600300307077,50,True
P_002_049,LOT_002,leakage_current,5.407199526087962,5.539271531720724,5.824007204449752,5.968786117954423,50,False
P_002_050,LOT_002,leakage_current,10.120838620913734,10.586153399944228,10.940591818508045,11.044644292119143,50,False
P_002_051,LOT_002,leakage_current,11.783785792898403,11.847635621995623,11.952318266287985,12.386976414755901,50,False
P_002_052,LOT_002,leakage_current,5.624071386683868,5.984988046120644,6.376657441140423,7.024148819391017,50,False
P_002_053,LOT_002,leakage_current,10.466885962763996,10.882480026732313,11.095076272592904,11.294108857072105,50,False
P_002_054,LOT_002,leakage_current,12.842669325984629,12.892106984340602,12.968319849759537,13.298281434838184,50,False
P_002_055,LOT_002,leakage_current,11.012577476349774,11.262398631157822,11.823699715641355,11.86278429563104,50,False
P_002_056,LOT_002,leakage_current,9.300609329027242,9.432198214996276,9.597785947008376,9.618867471308766,50,False
P_002_057,LOT_002,leakage_current,6.887273217711055,7.1331107089900705,7.240534198029699,7.582845897810775,50,False
P_002_058,LOT_002,leakage_current,45.886671157206884,46.37227812005396,46.73904968675918,46.76667021125499,50,True
P_002_059,LOT_002,leakage_current,9.109555627105795,9.11276086144879,9.302593000569848,9.826330355536422,50,False
P_002_060,LOT_002,leakage_current,10.344417003088465,10.828871197251502,11.044233372379,11.537838637663187,50,False
P_002_061,LOT_002,leakage_current,5.632802163970194,6.066262148745228,6.4710228737871756,6.787704798751177,50,False
P_002_062,LOT_002,leakage_current,6.240327781312875,6.31961119511621,6.539348586423498,6.595929728835479,50,False
P_002_063,LOT_002,leakage_current,5.826851774100462,5.85271680846642,6.1134283287281495,6.40898746144513,50,False
P_002_064,LOT_002,leakage_current,11.956009351106658,12.425921005295958,12.584439249437137,12.97511002610594,50,False
P_002_065,LOT_002,leakage_current,14.689636476762628,14.839564802349367,15.25576872005932,15.408029657588706,50,False
P_002_066,LOT_002,leakage_current,8.079577765481307,8.524996774487125,9.011536404529267,9.323735371265338,50,False
P_002_067,LOT_002,leakage_current,6.272788603413713,6.42591085290331,6.726711650583757,7.383440960288866,50,False
P_002_068,LOT_002,leakage_current,41.57670772611751,42.007715294960036,42.40756657539222,42.889441439484735,50,True
P_002_069,LOT_002,leakage_current,10.59430555069125,10.898478546292942,11.221888538189852,11.730885794518207,50,False
P_002_070,LOT_002,leakage_current,11.234097862441745,11.349511757353266,11.592997967520072,11.812756202868744,50,True
P_002_071,LOT_002,leakage_current,10.398100947843837,10.555241062764171,10.951431515545579,11.019289034658065,50,False
P_002_072,LOT_002,leakage_current,10.663783052985325,10.794842786853968,11.089893910720852,11.225335796308723,50,False
P_002_073,LOT_002,leakage_current,11.431703037869191,11.560629627972366,12.039704838358155,12.17741830135447,50,False
P_002_074,LOT_002,leakage_current,9.26792619102039,9.650760781927069,9.737887351354658,10.110412383043107,50,False
P_002_075,LOT_002,leakage_current,9.308933521435094,9.59950831597261,9.828106596471763,10.189256534373706,50,False
P_002_076,LOT_002,leakage_current,9.3644960434837,9.641147065498917,9.734433560079976,9.999940530381268,50,False
P_002_077,LOT_002,leakage_current,6.368257289481346,6.797271207235025,7.182852260237661,7.379624932363873,50,False
P_002_078,LOT_002,leakage_current,8.301035456545954,8.45456680174583,8.668276438916838,8.966954608044016,50,False
P_002_079,LOT_002,leakage_current,11.414296527489665,11.624764350618024,11.725794920009324,11.844535683420366,50,False
P_002_080,LOT_002,leakage_current,9.397985058078907,9.606142372632718,9.850235940152889,9.923033165360556,50,False
P_002_081,LOT_002,leakage_current,9.203854032543125,9.454781254128402,9.46977959207847,9.629486278636385,50,False
P_002_082,LOT_002,leakage_current,8.655557477816961,9.141976479868433,9.508530645299714,9.914456032714003,50,False
P_002_083,LOT_002,leakage_current,7.294054214463339,7.59421467274742,8.076934598941135,8.320954785301526,50,False
P_002_084,LOT_002,leakage_current,9.375839254426834,9.642441027188386,10.049468078595554,10.202291343246289,50,False
P_002_085,LOT_002,leakage_current,8.97805988988714,9.349185170011157,9.535481441681739,10.01419943170589,50,False
P_002_086,LOT_002,leakage_current,9.063354502502332,9.321406865546933,9.679339907155859,9.694089219047465,50,False
P_002_087,LOT_002,leakage_current,11.532225286014711,11.7392623567059,12.045607117790832,12.190212002719342,50,False
P_002_088,LOT_002,leakage_current,8.716627896092122,8.820597424543257,9.15865009450553,9.851006517792333,50,False
P_002_089,LOT_002,leakage_current,4.569949790006297,4.878468209067953,5.287636801818399,5.502141927932636,50,False
P_002_090,LOT_002,leakage_current,7.628813803110202,7.848734014136297,7.949275464422485,8.197971182385016,50,False
P_002_091,LOT_002,leakage_current,9.95470148986898,10.080979433450725,10.302145724984003,10.561347842165803,50,False
P_002_092,LOT_002,leakage_current,11.52150160110144,11.935577418360802,12.412667145998448,12.89578306639373,50,False
P_002_093,LOT_002,leakage_current,9.665628093140382,9.814166698307702,9.921581837122297,9.992033403495617,50,True
P_002_094,LOT_002,leakage_current,12.34099599862013,12.615860295884842,12.675993850910956,12.814131947799318,50,False
P_002_095,LOT_002,leakage_current,12.62283036703441,12.910825674297586,13.119307231699583,13.263138386973742,50,False
P_002_096,LOT_002,leakage_current,10.442313978395681,10.632317067136674,10.681082126082295,10.80041421460779,50,False
P_002_097,LOT_002,leakage_current,9.011788847957533,9.28491524884132,9.603546105654239,9.887412053815304,50,False
P_002_098,LOT_002,leakage_current,6.229090155769678,6.566514529921193,6.841312884187441,7.259981652825503,50,False
P_002_099,LOT_002,leakage_current,9.579855584151101,9.967188054299903,10.257948096887091,10.48892188282867,50,False
P_002_100,LOT_002,leakage_current,11.008927644143652,11.112543031775369,11.217384278485811,11.516942544300187,50,False
P_002_101,LOT_002,leakage_current,10.06720662156509,10.205366332490375,10.596910909398353,11.036127745238947,50,False
P_002_102,LOT_002,leakage_current,7.790053156675837,8.287355162845023,8.755167572707443,9.014302222908306,50,False
P_002_103,LOT_002,leakage_current,6.676033095240603,7.091052729584115,7.333901193304317,7.432856298002325,50,False
P_002_104,LOT_002,leakage_current,10.097230820081464,10.564526454751638,10.673085598599029,10.697162872500044,50,False
P_002_105,LOT_002,leakage_current,9.448385959138133,9.780421493005914,10.05506716891342,10.154759569989867,50,False
P_002_106,LOT_002,leakage_current,12.558908076033635,12.971054277236387,13.207347838981269,13.437525982712742,50,False
P_002_107,LOT_002,leakage_current,8.306542391530176,8.435005705599549,8.617836029283891,9.059848109931865,50,False
P_002_108,LOT_002,leakage_current,3.666028690702519,3.826666720622559,4.188526995368941,4.596976121709695,50,False
P_002_109,LOT_002,leakage_current,8.932960859255564,9.123410991755433,9.612642256944365,9.734496024944754,50,False
P_002_110,LOT_002,leakage_current,7.375746348248889,7.596918710505061,7.657129122527059,7.926180801332503,50,False
P_002_111,LOT_002,leakage_current,11.028678937912552,11.430378241785384,11.924321602890375,12.34699901076827,50,False
P_002_112,LOT_002,leakage_current,12.085890151031306,12.41939926323695,12.831651950207174,12.998580471807598,50,False
P_002_113,LOT_002,leakage_current,10.79638192423745,11.101923709920156,11.22664365741262,11.355372739505725,50,False
P_002_114,LOT_002,leakage_current,4.171924257113704,4.616600618628643,5.008193043290969,5.3860312141922835,50,False
P_002_115,LOT_002,leakage_current,11.06879623335691,11.459618938003066,11.772842817701086,11.846002373929858,50,False
P_002_116,LOT_002,leakage_current,10.42130411547494,10.531381481058633,10.785123496468287,11.178901069298524,50,False
P_002_000,LOT_002,iddq,78.56746854506754,85.91031294472774,93.73373149773482,94.36907772915905,300,False
P_002_001,LOT_002,iddq,101.15419000972645,107.52670496483955,113.81775642547214,114.13883925575956,300,False
P_002_002,LOT_002,iddq,83.37841267217922,91.61268351305287,101.89599982485255,103.90142818002172,300,False
P_002_003,LOT_002,iddq,91.92649257954177,104.79765225424904,113.81477527612238,114.70344213317698,300,False
P_002_004,LOT_002,iddq,86.837592078017,87.98567326210603,94.95900319104271,95.22081414527226,300,False
P_002_005,LOT_002,iddq,90.28819139429255,97.06291243618386,97.7496925886438,98.22747202172152,300,False
P_002_006,LOT_002,iddq,119.03066763539628,134.49415595923844,148.09695127323474,148.237500432256,300,False
P_002_007,LOT_002,iddq,86.05929792916565,91.25548969283513,96.8632315594117,97.03497743221659,300,False
P_002_008,LOT_002,iddq,121.73983366536883,132.20445904241103,135.04433954893926,135.3809699893063,300,False
P_002_009,LOT_002,iddq,84.9510888308949,94.16116834207376,99.95966750407186,100.44708243675181,300,False
P_002_010,LOT_002,iddq,88.3539165730603,98.3885677126091,111.07560610350122,112.19098679997542,300,False
P_002_011,LOT_002,iddq,81.72337627782342,90.61539588184647,105.57854477956482,108.6429435497935,300,False
P_002_012,LOT_002,iddq,84.68832010659905,89.48808867549768,95.91766693124544,96.59471766718444,300,False
P_002_013,LOT_002,iddq,107.43141537385434,112.14992516063664,114.65596394401749,115.69595500071102,300,False
P_002_014,LOT_002,iddq,77.89147362423539,87.70406142927382,99.85601790637506,100.03143414867476,300,False
P_002_015,LOT_002,iddq,87.50894442620024,95.86550476696489,101.85050306842291,105.034603831724,300,False
P_002_016,LOT_002,iddq,125.18565527085686,132.38918306756685,142.34165171956647,143.1596228911244,300,False
P_002_017,LOT_002,iddq,112.65173957107027,118.69527783710468,122.61356045823437,123.31741792587043,300,False
P_002_018,LOT_002,iddq,127.99767743647217,135.07672796224182,142.32130543045568,143.7319033784297,300,False
P_002_019,LOT_002,iddq,81.11923721451093,89.73919093751518,98.82097702246664,102.78925639789603,300,False
P_002_020,LOT_002,iddq,97.45513703420532,105.30133515516208,108.60820755882571,112.7747924866465,300,False
P_002_021,LOT_002,iddq,113.8156223824986,121.22827877659093,128.5380194548356,128.73737289833286,300,False
P_002_022,LOT_002,iddq,93.90086071836878,104.60409486834415,119.99888888115399,124.60351930316175,300,False
P_002_023,LOT_002,iddq,94.2311228839709,100.18363019856658,112.04823752933983,112.52306017671229,300,False
P_002_024,LOT_002,iddq,90.71839732258454,107.73185743520034,120.21536917380017,122.54848519130235,300,False
P_002_025,LOT_002,iddq,112.71149793660497,123.48232661399928,131.86327582855384,133.1494520220416,300,False
P_002_026,LOT_002,iddq,274.88019192131253,278.55421973328436,280.98659734768114,282.0752041395628,300,True
P_002_027,LOT_002,iddq,108.05131667875342,117.72122082770855,128.95758588287848,131.46283552111493,300,False
P_002_028,LOT_002,iddq,100.94369564853717,101.52513393965987,104.60207826799362,109.0712169354934,300,False
P_002_029,LOT_002,iddq,106.89492723508044,114.19906699499727,122.18985579139883,123.80637837794427,300,False
P_002_030,LOT_002,iddq,131.55860158766032,134.65552128387864,140.62389707261337,140.81573633691497,300,False
P_002_031,LOT_002,iddq,101.26004473146038,117.24649736127495,130.59549880262932,133.83840292513673,300,False
P_002_032,LOT_002,iddq,99.45980629038813,106.34181948345473,108.92087166629675,109.11455301466728,300,False
P_002_033,LOT_002,iddq,112.94177446308403,128.59173821537016,150.55521452085864,151.03369942734415,300,False
P_002_034,LOT_002,iddq,262.7533722429601,277.5449625594816,289.03033126741497,291.74307763381535,300,True
P_002_035,LOT_002,iddq,83.40342377652256,94.48836150345285,102.21853564751166,104.5125146679021,300,False
P_002_036,LOT_002,iddq,86.35044575313155,95.93799371854216,107.13255234248624,107.40026100695265,300,False
P_002_037,LOT_002,iddq,102.35743991995312,107.18731260987101,110.63858290191726,114.62053691733415,300,False
P_002_038,LOT_002,iddq,119.20963419573685,128.64550569939652,134.62472019659003,139.06256415410974,300,False
P_002_039,LOT_002,iddq,96.91689916558238,109.83318006861168,124.21987252540868,128.21679641512065,300,False
P_002_040,LOT_002,iddq,96.81767676193897,105.30340879320829,111.39969336892597,111.83977781238873,300,False
P_002_041,LOT_002,iddq,102.58216539100847,109.00778060560344,116.79933313427149,120.45732925820538,300,False
P_002_042,LOT_002,iddq,81.95047453493852,88.3187664933815,97.0406163222802,97.51767291211803,300,False
P_002_043,LOT_002,iddq,128.35942925702793,135.9439829243652,142.36863901515687,147.20108755560543,300,False
P_002_044,LOT_002,iddq,106.12290513434402,118.79364036752065,133.65848821852407,135.84161152818328,300,False
P_002_045,LOT_002,iddq,249.78149553901338,259.67703700195773,265.6655042952138,269.08669449846946,300,True
P_002_046,LOT_002,iddq,102.79705714300054,111.21494104569031,120.45694970645728,123.25491824174588,300,False
P_002_047,LOT_002,iddq,114.55885144820512,123.5015892494175,131.92707005596364,131.9308249514604,300,False
P_002_048,LOT_002,iddq,84.23707106731355,95.85220100989079,108.59533906033276,110.74583745248907,300,False
P_002_049,LOT_002,iddq,110.70115311628466,121.29964813604104,130.20983448357057,130.58286090358382,300,False
P_002_050,LOT_002,iddq,119.00078279284622,125.83279725697314,132.07521368918017,132.28083848305766,300,False
P_002_051,LOT_002,iddq,100.8141981884657,112.13090645741191,124.75483205006653,124.9423182952657,300,False
P_002_052,LOT_002,iddq,78.67782519777624,89.0314235403717,100.57930635222235,102.5150329720843,300,False
P_002_053,LOT_002,iddq,85.06852071791329,99.53783891169874,113.22966074677237,116.79518900196815,300,False
P_002_054,LOT_002,iddq,90.07642562721966,102.9266434148473,111.57753320626328,111.68548230633198,300,False
P_002_055,LOT_002,iddq,91.9018244786589,104.3559455297575,115.78551386775719,116.20817988896792,300,False
P_002_056,LOT_002,iddq,84.6907921399111,92.74582815103098,101.77164901043284,104.79373911133345,300,False
P_002_057,LOT_002,iddq,117.1596059005515,122.80323294023754,126.0435244758163,127.86899719362933,300,False
P_002_058,LOT_002,iddq,130.55801957897407,144.2396004389301,155.56833470427847,157.48268794627793,300,False
P_002_059,LOT_002,iddq,93.50114346538102,111.34155969553217,123.40841087924282,123.87968371848841,300,False
P_002_060,LOT_002,iddq,94.69657759983738,108.03492658845305,120.58838017469509,121.56742207977038,300,False
P_002_061,LOT_002,iddq,110.27793240019543,123.82664723094936,141.24052882427392,143.63456121442107,300,False
P_002_062,LOT_002,iddq,108.37644459784893,114.9403015009791,127.13576731353976,128.50619446229533,300,False
P_002_063,LOT_002,iddq,80.93091122551175,90.75155610860607,102.61831645344586,106.99474791324135,300,False
P_002_064,LOT_002,iddq,95.46333588336958,109.92729335665452,125.41604884963446,129.17576003367677,300,False
P_002_065,LOT_002,iddq,111.2273796114638,128.0056251150399,132.6368530497064,135.6210868774147,300,False
P_002_066,LOT_002,iddq,75.40574150977724,87.17400373749655,94.43051453567722,100.52891209042718,300,False
P_002_067,LOT_002,iddq,89.28582588097738,96.79991569141461,105.55586560230711,107.68654481802818,300,False
P_002_068,LOT_002,iddq,106.18215590672803,114.61916552168042,120.94794170463322,125.10601510581449,300,False
P_002_069,LOT_002,iddq,106.11855380065947,113.42644214028499,122.7517637851564,123.85536643958673,300,False
P_002_070,LOT_002,iddq,104.14657883312417,114.94699969427377,124.4457537589103,126.06747632453182,300,False
P_002_071,LOT_002,iddq,71.49821262497728,81.59969612594979,89.74341237893744,93.62360641433237,300,False
P_002_072,LOT_002,iddq,84.20369169656801,90.35374140928108,97.01989970318645,97.14492564007423,300,False
P_002_073,LOT_002,iddq,108.30594525431832,114.67289083736637,123.01393839862182,123.23490620313324,300,False
P_002_074,LOT_002,iddq,120.63505393625061,128.66456499351523,138.64197026687168,142.0922469128863,300,False
P_002_075,LOT_002,iddq,77.33434679247934,90.23515909324368,99.28989652765014,103.48604116519748,300,False
P_002_076,LOT_002,iddq,83.02485492705142,85.11075484200263,85.33630504069163,85.7811862301549,300,False
P_002_077,LOT_002,iddq,116.58125772013788,127.09548193990841,138.65951836727282,138.95654599557415,300,False
P_002_078,LOT_002,iddq,120.13054964860792,126.96756632402716,133.9103657929379,136.55870853831385,300,False
P_002_079,LOT_002,iddq,123.07825555856044,131.09017283398924,142.61664991946705,143.55822538283812,300,False
P_002_080,LOT_002,iddq,133.72514023484266,139.4923118437042,149.89868145308955,150.05517087043881,300,False
P_002_081,LOT_002,iddq,79.26414052986482,89.5625314700155,101.45924013805264,101.83031093248344,300,False
P_002_082,LOT_002,iddq,105.80696224511557,114.75132834096159,122.0648705894724,122.5018889354141,300,False
P_002_083,LOT_002,iddq,92.18957563716796,103.81598229297423,118.95368735441868,121.24700819043541,300,False
P_002_084,LOT_002,iddq,106.77639964553832,112.49959384099172,118.77618162130447,121.08464862190924,300,False
P_002_085,LOT_002,iddq,105.47610846970265,123.48868252533717,167.5920543092318,200.15649548917676,300,True
P_002_086,LOT_002,iddq,96.03342608366745,98.05490360900038,104.97000227408368,110.86973936975949,300,False
P_002_087,LOT_002,iddq,113.041160536212,116.89362818980662,123.70215541278664,134.4055882820229,300,False
P_002_088,LOT_002,iddq,78.43695349814004,81.34118192153845,88.29421272704872,98.95964514728517,300,False
P_002_089,LOT_002,iddq,104.35049295009495,104.62576439539428,111.01031886630231,114.86336917428551,300,False
P_002_090,LOT_002,iddq,92.74880737138253,94.26735361277903,98.48394341571155,101.60370365127599,300,False
P_002_091,LOT_002,iddq,104.89291278941081,105.29322064909523,106.53407060876592,109.16694743340445,300,False
P_002_092,LOT_002,iddq,118.18787424160898,122.52559769844596,125.73341508475869,132.7225828540082,300,False
P_002_093,LOT_002,iddq,101.45870877758003,105.72763971825697,107.70932360336568,109.29198390294873,300,False
P_002_094,LOT_002,iddq,82.22336862809435,85.66235477477395,88.80560958355107,93.69111908469553,300,False
P_002_095,LOT_002,iddq,118.00328926563483,118.30175847163761,124.30338639570171,131.46810029009288,300,False
P_002_096,LOT_002,iddq,113.65660907769796,116.75136643877453,118.88933332921668,121.07258519713405,300,False
P_002_097,LOT_002,iddq,79.49728418963981,81.45053900230377,87.96193551628097,90.51577328522131,300,False
P_002_098,LOT_002,iddq,107.28800113772662,109.29315521768714,109.62431166276478,112.8476306555893,300,False
P_002_099,LOT_002,iddq,114.86114752848968,115.09520835041317,116.79653143320539,121.26487793684133,300,False
P_002_100,LOT_002,iddq,82.49271272896594,84.17445425759081,87.08770432307192,93.09179103628783,300,False
P_002_101,LOT_002,iddq,95.26165694483201,95.94682861836282,105.15445780898055,106.11702754241263,300,False
P_002_102,LOT_002,iddq,101.07519661297681,101.43866115495271,102.84126902416868,106.39984607760026,300,False
P_002_103,LOT_002,iddq,88.52009432050563,90.86111853700542,101.67782895544623,107.50939316893981,300,False
P_002_104,LOT_002,iddq,106.22742350966296,108.46524998797844,115.58085010630778,119.9399960876337,300,False
P_002_105,LOT_002,iddq,89.57350874464802,89.81251626277353,99.51647239940769,102.8795695639961,300,False
P_002_106,LOT_002,iddq,109.26179328550407,109.50547678429714,111.19839340088808,117.09181975485201,300,False
P_002_107,LOT_002,iddq,75.93860581018164,76.16987760330069,85.15004729723799,91.71744583438173,300,False
P_002_108,LOT_002,iddq,87.97264691737973,92.51718086241077,96.32882399654466,98.91134957585112,300,False
P_002_109,LOT_002,iddq,91.84799986584089,92.16062872691558,98.91781065218066,102.95043435098523,300,False
P_002_110,LOT_002,iddq,105.96752289401135,107.25613313469465,113.81726471253246,118.23057446699099,300,False
P_002_111,LOT_002,iddq,101.54823965718033,104.32066657728672,112.29170468920881,119.91111410603624,300,False
P_002_112,LOT_002,iddq,87.12599851461738,88.48430470530101,93.5879395784592,95.24919271013951,300,False
P_002_113,LOT_002,iddq,117.17719232490767,117.41915139830229,128.00472716118736,129.54445038534718,300,False
P_002_114,LOT_002,iddq,94.38291231876751,98.56773558332718,108.55938594732918,112.62523219105732,300,False
P_002_115,LOT_002,iddq,93.56549871708228,96.4555313720496,101.8027617352147,104.51191349884024,300,False
P_002_116,LOT_002,iddq,104.85150061626373,108.91173860161041,118.50488671549549,121.7655169319625,300,False
P_002_000,LOT_002,prop_delay,5.932850174019258,6.215105061860524,6.838719959619285,6.904105058143573,10,False
P_002_001,LOT_002,prop_delay,5.2640936120224575,5.740066736224464,6.186859784297287,6.199905187385031,10,False
P_002_002,LOT_002,prop_delay,4.456906718304777,4.802082081070824,4.935051948785585,5.264268829033191,10,False
P_002_003,LOT_002,prop_delay,5.067513563779017,5.506886233637873,5.842435930649656,6.048004690291137,10,False
P_002_004,LOT_002,prop_delay,4.386874407792428,4.923823230155314,5.534475426242293,5.764947795195443,10,False
P_002_005,LOT_002,prop_delay,5.486276502387534,5.931602991821564,6.440454453368728,6.503751661701923,10,False
P_002_006,LOT_002,prop_delay,5.613734352710408,6.055437827590532,6.3903120799176705,6.474791122379236,10,False
P_002_007,LOT_002,prop_delay,4.904844978206906,5.142212630482492,5.474003686311927,5.549865397431439,10,False
P_002_008,LOT_002,prop_delay,4.920890498658618,5.318123662347817,5.814016702435718,5.923178434109259,10,False
P_002_009,LOT_002,prop_delay,5.065767628893831,5.337106463382336,5.699372145560534,5.834730318442483,10,False
P_002_010,LOT_002,prop_delay,4.979863335101724,5.127816148151945,5.493021292674038,5.497592597927365,10,False
P_002_011,LOT_002,prop_delay,5.393531612052564,5.771701487097026,6.09552132783566,6.173677097673875,10,False
P_002_012,LOT_002,prop_delay,5.300082850220154,5.6700450535319895,6.28602949116272,6.4800484556771245,10,False
P_002_013,LOT_002,prop_delay,4.57960865838982,4.896048734073622,5.429768315816048,5.6087647702740995,10,False
P_002_014,LOT_002,prop_delay,3.7555702983971235,4.250545067146045,4.757782209948899,4.832393167341642,10,False
P_002_015,LOT_002,prop_delay,4.8478867506041405,5.304437461025847,5.553269309187004,5.7642320982125,10,False
P_002_016,LOT_002,prop_delay,4.51335962211723,5.027689163954012,5.5194121057794705,5.646625854654904,10,False
P_002_017,LOT_002,prop_delay,5.233604160119971,5.679582351266835,6.001019099578968,6.182890785597036,10,False
P_002_018,LOT_002,prop_delay,5.54561591487109,5.856017939815243,6.224987272435011,6.431221711590664,10,False
P_002_019,LOT_002,prop_delay,4.418848348949338,4.804740767326825,5.25796041080846,5.356164497299134,10,False
P_002_020,LOT_002,prop_delay,5.020574947705772,5.400672665911969,5.59200910365702,5.917701830330834,10,False
P_002_021,LOT_002,prop_delay,4.629620337730893,4.962746511782564,5.402986337546943,5.494287298668233,10,False
P_002_022,LOT_002,prop_delay,5.6055831497337705,5.89125683743884,6.331160492826549,6.4199082209675815,10,False
P_002_023,LOT_002,prop_delay,5.166710616290435,5.802982333808343,6.407663942536189,6.513254677554565,10,False
P_002_024,LOT_002,prop_delay,5.467438235168369,5.654923790730985,6.053755097582597,6.403887165564378,10,False
P_002_025,LOT_002,prop_delay,5.395019417640433,5.847906312313181,6.355295817010737,6.592466196780601,10,False
P_002_026,LOT_002,prop_delay,5.265613641357543,5.608489243390488,6.036468981379461,6.159360601976437,10,False
P_002_027,LOT_002,prop_delay,4.753331766504583,5.355128674888374,5.981456249792432,6.188162109294327,10,False
P_002_028,LOT_002,prop_delay,4.999918220163039,5.814417129268278,7.750980850096523,9.145895711501941,10,True
P_002_029,LOT_002,prop_delay,5.2608092754887625,5.3862677010721045,5.564083018987716,5.826038609943012,10,False
P_002_030,LOT_002,prop_delay,5.956343465959499,6.055539795400557,6.3482762029123405,6.528076769927066,10,False
P_002_031,LOT_002,prop_delay,4.974805536084738,4.982605093713087,5.341807947830409,5.549127562273338,10,False
P_002_032,LOT_002,prop_delay,5.484016029648785,5.680983803957302,5.764079964564483,5.933814959042701,10,False
P_002_033,LOT_002,prop_delay,5.748696627183326,5.857912732946888,5.969196860948823,6.138631055657081,10,False
P_002_034,LOT_002,prop_delay,5.042849139565596,5.235388108517846,5.3123028378627755,5.4229027915606896,10,False
P_002_035,LOT_002,prop_delay,5.6396747688273265,5.734542473771026,5.887188344249222,5.973122649162421,10,False
P_002_036,LOT_002,prop_delay,5.037691814552246,5.0866264280107325,5.296916737829862,5.557898675999784,10,False
P_002_037,LOT_002,prop_delay,4.6514400630301616,4.702410433632922,4.740249488470165,4.860787365942924,10,False
P_002_038,LOT_002,prop_delay,4.628138691903439,4.675690768478738,4.938228581810537,5.111791896178854,10,False
P_002_039,LOT_002,prop_delay,5.037191953866093,5.1882398536385965,5.382192356311685,5.534872021474029,10,False
P_002_040,LOT_002,prop_delay,5.507823202420477,5.610157975056921,5.997111023515035,6.0226163562111195,10,False
P_002_041,LOT_002,prop_delay,4.632372890485481,4.780756073901248,4.931883783031292,5.009574414469004,10,False
P_002_042,LOT_002,prop_delay,5.943546663764151,6.022552974803754,6.344565155073779,6.484305845439454,10,False
P_002_043,LOT_002,prop_delay,5.1324299588974425,5.361821736026633,5.5680047485305755,5.927427811628453,10,False
P_002_044,LOT_002,prop_delay,5.1980986038305454,5.410292993223172,5.5261702803564665,5.668333683099698,10,False
P_002_045,LOT_002,prop_delay,5.157340763945427,5.43901422904011,5.853808618572386,5.967061915838029,10,False
P_002_046,LOT_002,prop_delay,5.3134958264383325,5.410821230863563,5.668829163418515,5.815878840024161,10,False
P_002_047,LOT_002,prop_delay,4.185303511043783,4.6844032666478626,5.03166761166998,5.123160616979379,10,False
P_002_048,LOT_002,prop_delay,3.921132100754594,4.031390071132549,4.221037584932447,4.4209158765638685,10,False
P_002_049,LOT_002,prop_delay,5.33690422454683,5.818730596090354,6.030127414712591,6.169859447098811,10,False
P_002_050,LOT_002,prop_delay,4.693301914381223,4.949998894606135,5.100728503626303,5.253172218360161,10,False
P_002_051,LOT_002,prop_delay,5.361235580118263,5.387380412222132,5.524424271628446,5.704557493800759,10,False
P_002_052,LOT_002,prop_delay,5.512139349951556,5.635487977207182,5.869944308558302,5.98023022430443,10,False
P_002_053,LOT_002,prop_delay,4.207803115724782,4.28088263126922,4.401061743161397,4.533307905229237,10,False
P_002_054,LOT_002,prop_delay,5.598945810858053,5.658468909384261,6.000147518830203,6.151024065838305,10,False
P_002_055,LOT_002,prop_delay,4.674613971315903,4.718059252421877,5.0320724661196605,5.221240575244846,10,False
P_002_056,LOT_002,prop_delay,6.326107072758215,6.444106554520267,6.746984855242845,6.86696130898712,10,False
P_002_057,LOT_002,prop_delay,4.696298122767057,4.762407142544538,5.027983449299689,5.3741038574079765,10,False
P_002_058,LOT_002,prop_delay,5.054105537907539,5.184238845644468,5.323021952909206,5.410544246928549,10,False
P_002_059,LOT_002,prop_delay,5.219993641972575,5.254141739701601,5.641573667732432,5.81069706200087,10,False
P_002_060,LOT_002,prop_delay,5.544493829807729,5.812574854436051,5.987764128445393,6.2089054273198325,10,False
P_002_061,LOT_002,prop_delay,4.383124072401211,4.527843576123093,4.757149433296357,4.906818547195043,10,False
P_002_062,LOT_002,prop_delay,4.198185845065161,4.334123131004294,4.496408013488728,4.722797520558799,10,False
P_002_063,LOT_002,prop_delay,4.714496648797408,4.813607469520928,5.030888512970794,5.038741252389815,10,False
P_002_064,LOT_002,prop_delay,3.801895119595787,3.9050245053303696,4.067269020861826,4.260139060116516,10,False
P_002_065,LOT_002,prop_delay,5.113934393596082,5.146837277475255,5.350921357102345,5.466160349227904,10,False
P_002_066,LOT_002,prop_delay,6.0274368857204985,6.19806882781443,6.3363679490444405,6.620086712827821,10,False
P_002_067,LOT_002,prop_delay,5.14289120150405,5.203500739728513,5.44942596811737,5.670025274779926,10,False
P_002_068,LOT_002,prop_delay,4.311195499818818,4.5591129829454635,4.9087411438754485,5.1744671148349655,10,False
P_002_069,LOT_002,prop_delay,4.472346084178141,4.631224388376378,4.982366327474411,5.222117409938562,10,False
P_002_070,LOT_002,prop_delay,4.25312477365109,4.384455223150636,4.852858445822885,5.093461757527913,10,False
P_002_071,LOT_002,prop_delay,8.70994530543374,8.806370070108306,9.122790537154982,9.402383210352781,10,True
P_002_072,LOT_002,prop_delay,4.783023091352202,4.865250741594934,5.186307321510781,5.422008666353806,10,False
P_002_073,LOT_002,prop_delay,5.067349472680692,5.109515766908882,5.259029555851442,5.5795744307380915,10,False
P_002_074,LOT_002,prop_delay,5.0985516745355435,5.128887470221358,5.34793983206948,5.554518625873994,10,False
P_002_075,LOT_002,prop_delay,5.160249132881772,5.448945067889148,5.6135282015148436,5.943765572970876,10,False
P_002_076,LOT_002,prop_delay,6.081869100292692,6.135324830676634,6.491443249158505,6.7242632365135355,10,False
P_002_077,LOT_002,prop_delay,5.209396504364659,5.236297543471113,5.66878873706356,5.847894838850557,10,False
P_002_078,LOT_002,prop_delay,5.287953885453781,5.4668379180578075,5.752737190877213,5.933853419570759,10,False
P_002_079,LOT_002,prop_delay,5.081351101577172,5.320751392218372,5.7244648216670475,5.976057546005939,10,False
P_002_080,LOT_002,prop_delay,4.955075310889137,4.967402496780714,5.049238644414418,5.3335482720439344,10,False
P_002_081,LOT_002,prop_delay,8.438905659402808,8.904122246158751,9.304066218674059,9.575935564016119,10,True
P_002_082,LOT_002,prop_delay,4.323371709769262,4.431157999865942,4.665944547979546,4.836074391751282,10,False
P_002_083,LOT_002,prop_delay,5.937645420728989,6.123243292208315,6.490947508483568,6.649884786295894,10,False
P_002_084,LOT_002,prop_delay,4.707342688037534,4.75539120264694,4.829392470076788,4.98857111240573,10,False
P_002_085,LOT_002,prop_delay,5.975630330839078,6.0703860832441725,6.363102564078087,6.515009134044233,10,False
P_002_086,LOT_002,prop_delay,4.8379888219113,4.945246262129948,5.216503743799244,5.4636831045058685,10,False
P_002_087,LOT_002,prop_delay,4.472958723685017,4.543485947657848,4.932737921798,5.4546389480729385,10,True
P_002_088,LOT_002,prop_delay,5.131775311019799,5.173892320975743,5.19798466842065,5.304240677553035,10,True
P_002_089,LOT_002,prop_delay,4.2850622506580685,4.6431496809959345,4.914136292262611,5.1390121868902625,10,False
P_002_090,LOT_002,prop_delay,3.4704065007467113,3.8709180704962183,4.119010944770049,4.582712022544846,10,False
P_002_091,LOT_002,prop_delay,3.1415519728904187,3.591747433048777,4.015277962445451,4.242055011152363,10,False
P_002_092,LOT_002,prop_delay,4.29014500197298,4.522791741616113,4.895807933122976,5.373817558955203,10,False
P_002_093,LOT_002,prop_delay,5.025721064996326,5.5066757659558165,5.661595779042044,6.106162997480252,10,False
P_002_094,LOT_002,prop_delay,5.003632242651716,5.156307004026199,5.599709585846821,5.631483618229852,10,False
P_002_095,LOT_002,prop_delay,5.021621131205004,5.408607127449769,5.530061044058101,5.550678269631108,10,False
P_002_096,LOT_002,prop_delay,5.539876442134373,5.5799296772533395,5.619712100646336,5.683281345039663,10,False
P_002_097,LOT_002,prop_delay,4.357102939818289,4.499263490776874,4.883019019506628,5.314844105779848,10,False
P_002_098,LOT_002,prop_delay,4.865263311682493,5.128374525444958,5.273410712056635,5.299673793451033,10,False
P_002_099,LOT_002,prop_delay,4.510406424667726,4.6146925437458695,4.770394172059751,5.027642891342582,10,False
P_002_100,LOT_002,prop_delay,4.101747029961477,4.403955346650873,4.855921197341679,5.132187150711397,10,False
P_002_101,LOT_002,prop_delay,3.685892795121074,4.099918363539646,4.368795257091917,4.545108349567461,10,False
P_002_102,LOT_002,prop_delay,4.4797450133220895,4.784894910244197,5.185740643322987,5.264146187562816,10,False
P_002_103,LOT_002,prop_delay,5.1421577478868565,5.3238545904342285,5.445747673204223,5.494718900172287,10,False
P_002_104,LOT_002,prop_delay,3.4134456376685254,3.5611019064669445,3.8333162348321594,4.304839419107314,10,False
P_002_105,LOT_002,prop_delay,3.7275284235318265,3.841764515854417,3.8980938437245216,3.9556281510372475,10,False
P_002_106,LOT_002,prop_delay,3.745449322689777,4.19186359270808,4.636441867116609,4.939999495144561,10,False
P_002_107,LOT_002,prop_delay,4.300974004133346,4.7978282599247795,5.113186251639562,5.206217454401913,10,False
P_002_108,LOT_002,prop_delay,4.002770363727951,4.199236449451056,4.422364109461504,4.522603284995422,10,False
P_002_109,LOT_002,prop_delay,4.128992495572583,4.361054875698825,4.6582376643611685,5.120357263965374,10,False
P_002_110,LOT_002,prop_delay,4.269167747262715,4.418706157945042,4.772668821606307,4.921667966392703,10,False
P_002_111,LOT_002,prop_delay,4.698946020546953,4.8042375457090705,5.245814698565812,5.276938296428084,10,False
P_002_112,LOT_002,prop_delay,4.999669644589452,5.163621549936028,5.4814436797978985,5.738771947951974,10,False
P_002_113,LOT_002,prop_delay,4.1012920500481655,4.459505792612374,4.603554868024799,4.624073636695116,10,False
P_002_114,LOT_002,prop_delay,4.837682135308624,5.047277375096613,5.067214051042083,5.09556592759206,10,False
P_002_115,LOT_002,prop_delay,4.260600930931146,4.753103961887656,4.80336760010504,4.847757707767297,10,False
P_002_116,LOT_002,prop_delay,5.1116516891913335,5.586877345018586,5.651457215992602,5.663613336974179,10,False
P_003_000,LOT_003,leakage_current,12.323277340506957,13.62428700595133,14.308538124208122,14.550921233596378,50,False
P_003_001,LOT_003,leakage_current,10.50659091080303,11.335772419849556,11.417891783505537,11.440015179092873,50,False
P_003_002,LOT_003,leakage_current,8.674071348442515,8.746032869041066,9.175631929793058,9.689797292832724,50,False
P_003_003,LOT_003,leakage_current,9.330840534930612,9.5572810595494,9.93329981491318,10.043439256618756,50,False
P_003_004,LOT_003,leakage_current,10.164785264221996,10.792117883477987,11.542659819511444,11.649801439540425,50,False
P_003_005,LOT_003,leakage_current,7.971996353482135,8.911024335641365,9.344621453745871,9.663292359704796,50,False
P_003_006,LOT_003,leakage_current,10.001730080647562,11.96120227456938,12.934290634975666,12.96942845824579,50,False
P_003_007,LOT_003,leakage_current,8.711260350815856,10.327544642407881,11.276507555769737,11.662097180482517,50,False
P_003_008,LOT_003,leakage_current,10.234641301107322,11.623341237342057,12.677441042999918,12.878149592798254,50,False
P_003_009,LOT_003,leakage_current,5.636354111775898,6.789731849749979,7.509276021769297,7.555338431015543,50,False
P_003_010,LOT_003,leakage_current,7.515810354855427,7.773831689998145,8.211847549556802,8.633886474373256,50,False
P_003_011,LOT_003,leakage_current,9.640277760324496,10.92713821681826,10.97539170734718,11.435153495067736,50,False
P_003_012,LOT_003,leakage_current,7.788483298677828,9.423329452942314,9.984679165189142,10.021639274586391,50,False
P_003_013,LOT_003,leakage_current,9.590147547317283,11.267396136478137,13.294349240317356,13.608133718426242,50,False
P_003_014,LOT_003,leakage_current,7.765205937717783,9.511350187606274,10.13665608315516,10.572295962675003,50,False
P_003_015,LOT_003,leakage_current,7.775567991080576,9.143065601778208,9.902471060236827,9.95765277332962,50,False
P_003_016,LOT_003,leakage_current,10.37007296937156,11.168790755772205,12.341243268081334,12.345138592594033,50,False
P_003_017,LOT_003,leakage_current,10.638911380108034,12.059035155555502,13.774413288878824,14.159278238127,50,False
P_003_018,LOT_003,leakage_current,11.019261145524862,12.15658549505397,13.013471482656106,13.327610589880768,50,False
P_003_019,LOT_003,leakage_current,7.790961324660181,8.677583386537082,10.164847732111301,10.352220981206132,50,False
P_003_020,LOT_003,leakage_current,11.243953366069356,12.266400061600699,12.677383288154886,13.124956792960738,50,False
P_003_021,LOT_003,leakage_current,9.762853178753986,10.229599248709517,10.278208302121756,10.625574865251581,50,False
P_003_022,LOT_003,leakage_current,12.428390700565847,12.77774252694981,13.144416787706815,13.493898471106617,50,False
P_003_023,LOT_003,leakage_current,9.089678446068758,12.05144067338542,13.536960994736873,14.00430688954269,50,False
P_003_024,LOT_003,leakage_current,8.930810356969502,10.171454469926413,11.208819916441547,11.840285764482758,50,False
P_003_025,LOT_003,leakage_current,10.997205023948181,11.01214123818348,11.173697097382487,11.347794913734528,50,False
P_003_026,LOT_003,leakage_current,12.360506016594615,12.885650924130132,13.35215955484156,13.456960765750633,50,False
P_003_027,LOT_003,leakage_current,13.280515613821251,15.252857066160743,19.655536082417413,21.955681541849977,50,True
P_003_028,LOT_003,leakage_current,9.852097215688898,10.1828203835442,10.307598990975796,10.715097843520802,50,False
P_003_029,LOT_003,leakage_current,7.146358166689714,7.55452088265209,8.374773193166169,9.317429594103396,50,False
P_003_030,LOT_003,leakage_current,9.053818030440652,9.193615897989838,10.413182109028725,11.3229958926342,50,False
P_003_031,LOT_003,leakage_current,8.52834990093508,9.0724351221041,9.785735026010693,10.56210129783925,50,False
P_003_032,LOT_003,leakage_current,4.513183318306278,4.601272424757685,4.840354734392549,5.1195268220314105,50,False
P_003_033,LOT_003,leakage_current,8.301351599254728,8.625038851962112,9.724364679286364,10.294106496098529,50,False
P_003_034,LOT_003,leakage_current,8.540783517739339,8.871049618938306,9.34407630242069,9.930696325531667,50,False
P_003_035,LOT_003,leakage_current,8.717749332380059,9.14790491656367,10.254905415295678,10.481783955624516,50,False
P_003_036,LOT_003,leakage_current,11.842461468818081,11.934129175453002,12.590867567080133,13.349447216874637,50,False
P_003_037,LOT_003,leakage_current,12.139559058606366,12.382632986879111,13.09194039163212,13.098845730196455,50,False
P_003_038,LOT_003,leakage_current,7.30265058911814,7.39913676787925,8.232329438785202,8.57861487765467,50,False
P_003_039,LOT_003,leakage_current,9.01281078890567,9.43947288618632,10.039512057274553,10.337961362565038,50,False
P_003_040,LOT_003,leakage_current,9.217877406470421,9.389921618143125,10.591617284357907,12.31637004138997,50,True
P_003_041,LOT_003,leakage_current,9.511094306760738,9.636612129262177,9.705474499354226,10.100892920713012,50,False
P_003_042,LOT_003,leakage_current,6.4391985117566195,6.7130108970784175,7.13374696445954,7.293249892783397,50,False
P_003_043,LOT_003,leakage_current,8.874989616620745,9.06632211756819,9.463270092404102,9.741099492831873,50,False
P_003_044,LOT_003,leakage_current,9.455213256064996,9.5566625658289,9.679619303304209,9.710220266051925,50,False
P_003_045,LOT_003,leakage_current,11.385565291180015,11.766004326125723,12.004668493885012,12.718360814557649,50,False
P_003_046,LOT_003,leakage_current,9.106197679665742,9.570169742929629,9.870947904982366,10.139242530009811,50,False
P_003_047,LOT_003,leakage_current,10.630024228048727,11.116706684056112,11.371127058316846,11.4417903026672,50,False
P_003_048,LOT_003,leakage_current,8.958353904331133,8.990343685051947,9.257209396642228,9.27129255072189,50,False
P_003_049,LOT_003,leakage_current,8.675679910347329,9.118823023754324,9.406585760550026,9.988191836115462,50,False
P_003_050,LOT_003,leakage_current,7.806226838392398,7.9972194798698135,8.234636875256642,8.679288818905615,50,False
P_003_051,LOT_003,leakage_current,8.525874792633934,8.982330829351337,9.153996396667397,9.300507030455266,50,False
P_003_052,LOT_003,leakage_current,13.461416381141492,13.577161133069383,13.656640958185292,13.842392999349299,50,False
P_003_053,LOT_003,leakage_current,9.542582713384727,9.565315975839344,9.879532965078463,10.170661805053323,50,False
P_003_054,LOT_003,leakage_current,4.11030247101009,4.593851220286254,4.8053289466576645,5.642230627794744,50,False
P_003_055,LOT_003,leakage_current,10.290206527261244,10.322018150343993,10.411603932588054,10.544632795802166,50,False
P_003_056,LOT_003,leakage_current,9.248569514542256,9.351444145409214,9.572732058946915,9.70386205776365,50,False
P_003_057,LOT_003,leakage_current,10.421126110473008,10.63613059022651,11.134299195396693,11.527563346651412,50,False
P_003_058,LOT_003,leakage_current,13.741463960710641,14.044395556654031,14.636684870773365,14.82758929219723,50,False
P_003_059,LOT_003,leakage_current,13.137133026292412,13.305318030925068,13.714178841971403,14.494348563108646,50,False
P_003_060,LOT_003,leakage_current,6.031540449426204,6.455531946899593,6.6923597207626155,7.022955282018562,50,False
P_003_061,LOT_003,leakage_current,7.2384720726311365,7.566951746216302,8.053739152063628,8.855908684419028,50,False
P_003_062,LOT_003,leakage_current,11.685833061890646,11.943624818226189,12.226784936277017,12.507755153977245,50,False
P_003_063,LOT_003,leakage_current,8.758507638972226,9.068945244272843,9.166426977493117,9.629722261607467,50,False
P_003_064,LOT_003,leakage_current,7.731085202030907,7.745023392169321,7.837756427532279,8.129453504730831,50,False
P_003_065,LOT_003,leakage_current,5.544997190975926,5.82288230171926,6.170902740643435,6.410241070084331,50,False
P_003_000,LOT_003,iddq,105.51335027459156,111.8581590936432,123.98315613160588,126.67772704928413,300,False
P_003_001,LOT_003,iddq,104.1508419578167,109.90633598689197,116.72290566491498,120.1522754222406,300,False
P_003_002,LOT_003,iddq,97.25061071932667,110.50418913203386,123.46840846143964,124.83674262627187,300,False
P_003_003,LOT_003,iddq,111.64303262139963,127.61565436631177,144.1897420072967,147.04387953223886,300,False
P_003_004,LOT_003,iddq,123.86885509227771,129.4787158169392,138.47310860715118,139.0382007394874,300,False
P_003_005,LOT_003,iddq,85.24171841876493,88.99388983602842,95.1917329632455,96.20507929531189,300,False
P_003_006,LOT_003,iddq,120.32478754290297,126.15278610579453,129.39529810977774,131.5237012364611,300,False
P_003_007,LOT_003,iddq,117.10572272186711,126.41275048074962,137.9434076427863,138.33421505359195,300,False
P_003_008,LOT_003,iddq,111.35253484573128,115.63934415921409,120.10191780685066,120.42922525335817,300,False
P_003_009,LOT_003,iddq,96.97871661746947,97.33140558480011,103.3834938617006,105.0721073393997,300,False
P_003_010,LOT_003,iddq,90.12046812129971,96.93445240197599,107.15283347910582,109.25224977797939,300,False
P_003_011,LOT_003,iddq,69.0830846901814,76.13183263508814,88.572539874418,90.58144961003786,300,False
P_003_012,LOT_003,iddq,104.29268041060111,112.35299657855886,119.04089295766774,119.4746228759675,300,False
P_003_013,LOT_003,iddq,130.462276025624,136.49352597864134,152.91340342749848,154.3547349762072,300,False
P_003_014,LOT_003,iddq,98.71960314586303,101.71262424652396,110.3031566442155,110.7211612589869,300,False
P_003_015,LOT_003,iddq,64.86802949804793,79.19431364714586,96.77257195136359,99.47534008877086,300,False
P_003_016,LOT_003,iddq,89.08606081429608,99.08422626476943,108.50320701899771,109.01046672035423,300,False
P_003_017,LOT_003,iddq,278.02177449869487,289.48370647532937,299.4343173085785,299.78996044737636,300,True
P_003_018,LOT_003,iddq,87.9041120335229,106.01480562263359,151.45634490207408,179.62119396206583,300,True
P_003_019,LOT_003,iddq,106.49924995374208,107.21152169202516,111.91795534652051,116.8725642792801,300,False
P_003_020,LOT_003,iddq,113.05092400083993,113.2496464523969,115.10889598339006,121.96041492929615,300,False
P_003_021,LOT_003,iddq,106.20923776718793,111.09115546678002,114.17967251822175,123.67089510993796,300,False
P_003_022,LOT_003,iddq,85.12798573375494,85.68459069434219,93.22369129954902,100.9512710750157,300,False
P_003_023,LOT_003,iddq,86.61089805604355,87.0119099755507,91.90678593501077,99.47776242377907,300,False
P_003_024,LOT_003,iddq,92.6204295636813,95.12931482349985,97.21079620664582,100.07416185696293,300,False
P_003_025,LOT_003,iddq,107.83687507882979,109.44075310791396,109.86072389512503,110.17931443953519,300,False
P_003_026,LOT_003,iddq,88.10091608096201,89.10068838171102,97.27965087988602,100.06221231469381,300,False
P_003_027,LOT_003,iddq,91.7781626240553,95.22738669550718,99.80599469466212,103.80378827655636,300,False
P_003_028,LOT_003,iddq,112.33096516871898,119.20453450020958,127.7459677725511,133.26147908137355,300,False
P_003_029,LOT_003,iddq,107.42319291854257,107.86663296133557,111.89234811661464,115.23929809197874,300,False
P_003_030,LOT_003,iddq,88.5096670216684,90.76610251202058,97.78586410404455,101.69482401377282,300,False
P_003_031,LOT_003,iddq,108.93439911374237,110.45046459860605,119.34074022844507,121.04230875121698,300,False
P_003_032,LOT_003,iddq,115.3232286397565,115.78916261975525,120.84749904662183,122.03201385552781,300,False
P_003_033,LOT_003,iddq,76.08448155257064,81.93623223957897,87.44154389428705,99.42260836613394,300,True
P_003_034,LOT_003,iddq,105.38491025171857,105.60180983441433,106.09544562000093,106.3576342905331,300,False
P_003_035,LOT_003,iddq,83.242940572517,85.74109089413152,86.1994171867556,87.71165244208022,300,False
P_003_036,LOT_003,iddq,104.32531710464467,105.47492826411506,105.9462222676937,107.20100343832088,300,False
P_003_037,LOT_003,iddq,85.22117074940138,86.0356759696933,87.80119058995595,87.95774401164249,300,False
P_003_038,LOT_003,iddq,104.49356802926879,107.1512258798144,107.18406775491843,110.38930212743999,300,False
P_003_039,LOT_003,iddq,115.6201197804392,119.52551967303867,120.23856202172637,121.29557721999525,300,False
P_003_040,LOT_003,iddq,101.43263814418762,101.84491786585627,105.61026049179259,105.753072145477,300,False
P_003_041,LOT_003,iddq,95.15671564424177,95.93728598535043,96.34213783353056,99.8021520388139,300,False
P_003_042,LOT_003,iddq,100.65323433176331,103.07868338808164,103.54356668279425,104.58606350840851,300,False
P_003_043,LOT_003,iddq,119.72135251321284,120.07205385262976,123.1855857637888,124.51345916632496,300,False
P_003_044,LOT_003,iddq,102.6627839491621,102.76954906913075,104.35892268107514,104.5019029021267,300,False
P_003_045,LOT_003,iddq,95.30628063294975,95.62221205948691,98.79801192667666,100.0490657603768,300,False
P_003_046,LOT_003,iddq,99.4973635010852,101.1954712351749,101.74939474084567,102.90394826002868,300,False
P_003_047,LOT_003,iddq,95.05541487090555,96.34321952032242,96.83577285401893,97.2486929435946,300,False
P_003_048,LOT_003,iddq,81.4959764216284,84.39107609229842,85.74033269682484,86.07324154516992,300,False
P_003_049,LOT_003,iddq,99.6282873591796,102.31407510637128,103.81190562317582,105.2912976257307,300,False
P_003_050,LOT_003,iddq,90.4735374872526,90.89996019009833,91.1897736151473,91.68826341236516,300,False
P_003_051,LOT_003,iddq,120.35700909028441,120.5147339077594,120.7816870844796,121.13369455672714,300,False
P_003_052,LOT_003,iddq,93.64159535382443,94.12549364240921,95.2880173330519,95.45302175917088,300,False
P_003_053,LOT_003,iddq,119.11227622627632,119.49950349075667,119.76857813861963,119.87156339478652,300,False
P_003_054,LOT_003,iddq,123.97901663793805,124.33022882376586,124.5249170141074,128.24830668206022,300,False
P_003_055,LOT_003,iddq,95.19399203935842,95.48915211747014,97.15290124010801,102.80211077690116,300,False
P_003_056,LOT_003,iddq,103.57664988277877,103.8571019106979,109.29848566436482,109.71881290430872,300,False
P_003_057,LOT_003,iddq,107.4707670370956,109.60920511214985,110.07514197209052,114.18337958091446,300,False
P_003_058,LOT_003,iddq,104.42222080630772,104.77140242398107,109.17777625784571,110.36134468349027,300,True
P_003_059,LOT_003,iddq,95.20075180371177,95.58492052971673,96.16902259771128,98.39000405350185,300,False
P_003_060,LOT_003,iddq,93.7004665197163,95.89735901620081,96.56132108055067,97.04765574807371,300,False
P_003_061,LOT_003,iddq,101.461499241431,101.70321936162395,102.04901914572602,104.86316508859018,300,False
P_003_062,LOT_003,iddq,115.40448809769364,115.46890128913871,115.73335220044247,115.94586602586368,300,False
P_003_063,LOT_003,iddq,86.97077005257101,88.45067014942455,89.44696406775394,89.8376813019208,300,False
P_003_064,LOT_003,iddq,89.78155846974421,90.20593254681326,94.12203473664849,94.8405414050255,300,False
P_003_065,LOT_003,iddq,89.75472583633692,89.88969255948535,90.35279705694542,92.85310850911752,300,False
P_003_000,LOT_003,prop_delay,5.010255067871117,5.324348612857488,5.722079651548218,5.803152328828557,10,False
P_003_001,LOT_003,prop_delay,5.040266291401393,5.626033179641539,6.349591462561027,6.57302887853711,10,False
P_003_002,LOT_003,prop_delay,5.24381917193243,5.63866555124922,5.959459877665587,6.241115802191081,10,False
P_003_003,LOT_003,prop_delay,4.756729163485408,5.229318460841312,5.946454362147684,6.053057695116709,10,False
P_003_004,LOT_003,prop_delay,5.284595689411647,5.606104718314475,6.153870264315751,6.20392766721513,10,False
P_003_005,LOT_003,prop_delay,5.375537642013735,5.781495528598295,6.3355793366061475,6.521441101340191,10,False
P_003_006,LOT_003,prop_delay,4.8031465565199225,5.20846989326203,5.745316282631395,5.911371616707468,10,False
P_003_007,LOT_003,prop_delay,4.851515325648995,5.203854537745548,5.68966881762097,5.705330969776263,10,False
P_003_008,LOT_003,prop_delay,5.67656496260527,5.89476895878016,6.385338143613598,6.478754589205267,10,False
P_003_009,LOT_003,prop_delay,5.204578445482852,5.41939166791715,5.820696316827051,5.968864734707715,10,False
P_003_010,LOT_003,prop_delay,5.349610634739229,5.514789478849655,5.811982563032891,6.251263814454049,10,False
P_003_011,LOT_003,prop_delay,5.232479722498459,5.6821018862073815,5.71096835977848,6.007739569394132,10,False
P_003_012,LOT_003,prop_delay,4.531682628107542,4.745160751679613,4.880559718738015,5.076097782899457,10,False
P_003_013,LOT_003,prop_delay,4.858463032580384,5.208034632011207,5.6109839257512055,5.8071589105316015,10,False
P_003_014,LOT_003,prop_delay,3.5417212759421215,3.9455293354288994,4.228635180510553,4.426021998137257,10,False
P_003_015,LOT_003,prop_delay,4.59952924477024,5.087529307312252,5.623910574301043,5.737352297280409,10,False
P_003_016,LOT_003,prop_delay,5.5926530470364115,5.808744985477499,6.155469975112783,6.190677613439936,10,False
P_003_017,LOT_003,prop_delay,8.729652932318938,9.093213654948881,9.47417314338112,9.682070129730628,10,True
P_003_018,LOT_003,prop_delay,4.907841031007461,5.248260048227568,5.520143111642826,5.734013007181411,10,False
P_003_019,LOT_003,prop_delay,4.734986316865858,5.237309871555647,5.913050052319765,6.093197033566929,10,False
P_003_020,LOT_003,prop_delay,4.955724490093141,5.312641705031537,6.004938522501827,6.147812433767592,10,False
P_003_021,LOT_003,prop_delay,5.367130962150597,5.397292425813199,5.540517204382452,5.630612764531332,10,False
P_003_022,LOT_003,prop_delay,6.219267681229893,6.642563906434934,7.20391605766764,7.323427253864669,10,False
P_003_023,LOT_003,prop_delay,4.519416205925579,4.8988917435851365,5.2095304007506,5.395966949643238,10,False
P_003_024,LOT_003,prop_delay,4.95572811747783,5.530897866700445,5.741254056471336,5.920330177717131,10,False
P_003_025,LOT_003,prop_delay,5.032266808984807,5.564677700266685,6.143247182981164,6.320527810670591,10,False
P_003_026,LOT_003,prop_delay,5.286214539985131,5.63944528305498,5.961529482783133,6.152829326558755,10,False
P_003_027,LOT_003,prop_delay,5.324134646634167,5.678805266125865,6.163257347069802,6.2900042768751465,10,False
P_003_028,LOT_003,prop_delay,5.228847623145289,5.6878366037746435,6.137565259143834,6.22909071823122,10,False
P_003_029,LOT_003,prop_delay,5.042809567152475,5.411586215459571,5.73156501973951,5.835267360766539,10,False
P_003_030,LOT_003,prop_delay,4.483558903731368,4.991466432671584,5.646844309996344,5.704802459262749,10,False
P_003_031,LOT_003,prop_delay,4.252477731852539,4.647173353201017,5.239562434327028,5.291323856550477,10,False
P_003_032,LOT_003,prop_delay,4.877915709538029,5.225159313680322,5.431897016030929,5.617390689688527,10,False
P_003_033,LOT_003,prop_delay,5.371742102228381,5.790390426179131,6.241848390189747,6.336375668727294,10,False
P_003_034,LOT_003,prop_delay,5.138004041188198,5.616765110405157,6.097735272991441,6.114944663724551,10,False
P_003_035,LOT_003,prop_delay,5.226345552527021,5.6219238170541495,6.132033360666505,6.27993576327488,10,False
P_003_036,LOT_003,prop_delay,4.484030800943584,4.979977206612499,5.383608261734046,5.497795450249154,10,False
P_003_037,LOT_003,prop_delay,5.221906747472961,5.572692491768711,6.020114366330176,6.131759783706169,10,False
P_003_038,LOT_003,prop_delay,4.970648532315862,5.2842432426751955,5.855917630617205,6.005769417312875,10,False
P_003_039,LOT_003,prop_delay,5.63901921894617,5.912079631886326,6.1642700835551345,6.285546579654932,10,False
P_003_040,LOT_003,prop_delay,4.790117029849456,5.252920598757032,5.984926266401579,6.159007571036156,10,False
P_003_041,LOT_003,prop_delay,5.095578154106498,5.469261194992759,6.0471602259661,6.206179588379293,10,False
P_003_042,LOT_003,prop_delay,4.916377487948502,5.377189902814843,6.0017775138142975,6.105581590975744,10,False
P_003_043,LOT_003,prop_delay,4.759702423524678,5.237534314408842,5.726620384338144,5.981179492692219,10,False
P_003_044,LOT_003,prop_delay,5.60676233244968,5.860030278197609,5.953388000934217,6.094010384063677,10,False
P_003_045,LOT_003,prop_delay,5.584943936088725,6.1000337067455295,6.811694207614106,7.035956940224925,10,False
P_003_046,LOT_003,prop_delay,5.18902190320941,5.702971918214641,6.373500202962104,6.704830267972109,10,False
P_003_047,LOT_003,prop_delay,5.302066253818374,5.586906456198187,5.90378594746746,6.132814078204403,10,False
P_003_048,LOT_003,prop_delay,5.8939902380726075,6.08169960598894,6.422818731365284,6.4543954975969315,10,False
P_003_049,LOT_003,prop_delay,4.278457646191989,4.67490193385484,5.028711904779167,5.032913813892314,10,False
P_003_050,LOT_003,prop_delay,5.5975685788031635,5.981469077984941,6.444587547823447,6.5096021546652585,10,False
P_003_051,LOT_003,prop_delay,5.017409853051414,5.469323728180501,6.057008805894009,6.199526578824271,10,False
P_003_052,LOT_003,prop_delay,4.978152255867251,5.225019088833955,5.363093351388727,5.695951272514624,10,False
P_003_053,LOT_003,prop_delay,4.14009114806243,4.509373831093567,4.796054385626683,4.816531892596611,10,False
P_003_054,LOT_003,prop_delay,5.654090928239492,6.113839895513757,6.7562380246717115,6.878090948867068,10,False
P_003_055,LOT_003,prop_delay,4.675800737986298,5.217576709763193,5.771874861577347,6.0052575130565495,10,False
P_003_056,LOT_003,prop_delay,4.647142229851857,4.949997938674424,5.622544406395289,5.81477001551082,10,False
P_003_057,LOT_003,prop_delay,4.924218792224631,5.374442931111082,5.902032267511735,5.987031077318257,10,False
P_003_058,LOT_003,prop_delay,4.440207839063431,4.881130162144595,5.422772586348893,5.560418467864364,10,False
P_003_059,LOT_003,prop_delay,5.456402661578991,5.909904941263239,6.295081360557189,6.409390608607307,10,False
P_003_060,LOT_003,prop_delay,5.818248336855691,6.124100080344764,6.641812159327446,6.7945686012487245,10,False
P_003_061,LOT_003,prop_delay,4.227352686711619,4.624735485345097,5.170414066920747,5.252766971576705,10,False
P_003_062,LOT_003,prop_delay,5.745832177539139,6.029782690423644,6.3269856685830606,6.512346208716775,10,False
P_003_063,LOT_003,prop_delay,8.716302703599014,9.074873431661597,9.50513723716812,9.561174535329735,10,True
P_003_064,LOT_003,prop_delay,4.732318362355273,4.889914968766655,5.1862384320424795,5.320933604209701,10,False
P_003_065,LOT_003,prop_delay,8.690874855024191,8.837700620216935,9.144553377021191,9.61441682085409,10,True
